{"cameraMode":{"drawMode":0,"name":"Shaded","section":"Shading Mode"},"sceneLighting":true,"audioPlay":false,"sceneViewState":{"m_AlwaysRefresh":false,"showFog":true,"showSkybox":true,"showFlares":true,"showImageEffects":true,"showParticleSystems":true,"showVisualEffectGraphs":true,"m_FxEnabled":true},"in2DMode":false,"pivot":{"x":-14.479863166809082,"y":0.7466117143630981,"z":13.395944595336914},"rotation":{"x":-0.024060647934675218,"y":-0.025736575946211816,"z":-0.0017945197178050876,"w":-0.9998143315315247},"size":2.6705381870269777,"orthographic":false}